<?xml version="1.0" encoding="UTF-8"?>
<Configuration status="WARN">
    <Appenders>

        <!-- Console Appender -->
        <Console name="ConsoleAppender" target="SYSTEM_OUT">
            <PatternLayout pattern="%d{yyyy-MM-dd HH:mm:ss} [%t] %-5level %logger{36} - %msg%n" />
        </Console>

        <!-- File Appender -->
        <File name="FileAppender" fileName="logs/app.log" append="true">
            <PatternLayout pattern="%d{yyyy-MM-dd HH:mm:ss} [%t] %-5level %logger{36} - %msg%n" />
        </File>

    </Appenders>

    <Loggers>

        <!-- Root logger (global settings) -->
        <Root level="debug">
            <AppenderRef ref="ConsoleAppender"/>
            <AppenderRef ref="FileAppender"/>
        </Root>

    </Loggers>
</Configuration>
